Potential,Right Edge,Top Edge,Fluxes
10.0,-0.013371030341659207,-0.012955350721313152,-0.02632638106297236
9.95995995995996,-0.014618069377320353,-0.013613510098366532,-0.028231579475686885
9.91991991991992,-0.014514149508613627,-0.012747510671033524,-0.02726166017964715
9.87987987987988,-0.013578870202763937,-0.012886070748209022,-0.02646494095097296
9.83983983983984,-0.013440310358419083,-0.015137669004616328,-0.02857797936303541
9.7997997997998,-0.014237029659852851,-0.01260895088489633,-0.02684598054474918
9.75975975975976,-0.011431191691372078,-0.01285143072163919,-0.024282622413011268
9.71971971971972,-0.014548789520631544,-0.011465831674286164,-0.02601462119491771
9.67967967967968,-0.014271669679146726,-0.01319783044164069,-0.027469500120787416
9.63963963963964,-0.013717430039832834,-0.014029189806024078,-0.027746619845856912
9.5995995995996,-0.015137669091927819,-0.01586510862398427,-0.03100277771591209
9.55955955955956,-0.015865108493017033,-0.013163190415070858,-0.02902829890808789
9.51951951951952,-0.013786710063868668,-0.013648150161316153,-0.02743486022518482
9.47947947947948,-0.01562262872903375,-0.015414788875204977,-0.031037417604238726
9.43943943943944,-0.0175971072530956,-0.01447950959118316,-0.03207661684427876
9.3993993993994,-0.01711214767419733,-0.016315428176312707,-0.03342757585051004
9.35935935935936,-0.015033749092253856,-0.014479509569355287,-0.029513258661609143
9.31931931931932,-0.015969028470863122,-0.017493187406216748,-0.03346221587707987
9.27927927927928,-0.018601666546601336,-0.015380148826807272,-0.03398181537340861
9.23923923923924,-0.013855989978765137,-0.014964469206461217,-0.028820459185226355
9.1991991991992,-0.015380148819531314,-0.015726548626844306,-0.03110669744637562
9.15915915915916,-0.014202389749698341,-0.016627187927952036,-0.030829577677650377
9.11911911911912,-0.0171121476450935,-0.016765747765020933,-0.033877895410114434
9.07907907907908,-0.01531086894829059,-0.01725070759130176,-0.03256157653959235
9.03903903903904,-0.01641934811050305,-0.016800387937109917,-0.03321973604761297
8.998998998999,-0.016211508293054067,-0.017250707489438355,-0.03346221578249242
8.95895895895896,-0.01697358766978141,-0.01645398805703735,-0.03342757572681876
8.91891891891892,-0.017631747250561602,-0.016280788295262028,-0.03391253554582363
8.87887887887888,-0.016938947825110517,-0.01842846667568665,-0.03536741450079717
8.83883883883884,-0.017527827381854877,-0.01673110789852217,-0.034258935280377045
8.7987987987988,-0.016211508227570448,-0.019017346276086755,-0.0352288545036572
8.75875875875876,-0.018497746634238865,-0.019259826083725784,-0.03775757271796465
8.71871871871872,-0.01749318734073313,-0.01742390742583666,-0.03491709476656979
8.67867867867868,-0.016835027803608682,-0.018428466712066438,-0.03526349451567512
8.63863863863864,-0.01787422706547659,-0.018359186695306562,-0.03623341376078315
8.598598598598599,-0.018012787004408892,-0.01693894778873073,-0.03495173479313962
8.558558558558559,-0.018809506378602237,-0.017250707576749846,-0.03606021395535208
8.518518518518519,-0.018913426356448326,-0.020125825474679004,-0.03903925183112733
8.478478478478479,-0.019259826076449826,-0.019606225854658987,-0.038866051931108814
8.438438438438439,-0.0194676659302786,-0.016453988100693095,-0.035921654030971695
8.398398398398399,-0.0172853474796284,-0.01853238665353274,-0.03581773413316114
8.358358358358359,-0.02085326489759609,-0.020437585291801952,-0.04129085018939804
8.318318318318319,-0.02022974534338573,-0.02016046542848926,-0.04039021077187499
8.278278278278279,-0.020091185462661088,-0.018393826627288945,-0.03848501208995003
8.238238238238239,-0.020749345036165323,-0.019121266188449226,-0.03987061122461455
8.198198198198199,-0.018982706249516923,-0.01787422706547659,-0.03685693331499351
8.158158158158159,-0.020229745357937645,-0.02099182485108031,-0.041221570209017955
8.118118118118119,-0.020333665277576074,-0.02140750451508211,-0.041741169792658184
8.078078078078079,-0.01964086591033265,-0.02147678437177092,-0.04111765028210357
8.038038038038039,-0.01991798559902236,-0.021788544247101527,-0.041706529846123885
7.997997997997999,-0.022966303418797906,-0.021476784437254537,-0.04444308785605244
7.957957957957958,-0.020056545479747,-0.020541505175060593,-0.040598050654807594
7.917917917917918,-0.02251598371367436,-0.022308143918053247,-0.044824127631727606
7.877877877877878,-0.023416623094817623,-0.022827743472589646,-0.04624436656740727
7.837837837837838,-0.023451263070455752,-0.019363746003364213,-0.042815009073819965
7.797797797797798,-0.022793103496951517,-0.02265454363077879,-0.045447647127730306
7.757757757757758,-0.02362446293409448,-0.021892464101256337,-0.04551692703535082
7.717717717717718,-0.0222735038769315,-0.0221695839863969,-0.0444430878633284
7.677677677677678,-0.025148621753032785,-0.021061104780528694,-0.04620972653356148
7.637637637637638,-0.02449046230321983,-0.024178702529752627,-0.048669164832972456
7.597597597597598,-0.024975421962153632,-0.021857824263861403,-0.046833246226015035
7.5575575575575575,-0.023901582731923554,-0.023866942625318188,-0.04776852535724174
7.5175175175175175,-0.021303584609995596,-0.021996384115482215,-0.04329996872547781
7.4774774774774775,-0.022827743450761773,-0.023866942756285425,-0.0466946862070472
7.4374374374374375,-0.021442144439788535,-0.022862383470055647,-0.04430452790984418
7.397397397397397,-0.02546038164291531,-0.024663662239618134,-0.05012404388253344
7.357357357357357,-0.02559894143632846,-0.023693742798059247,-0.04929268423438771
7.317317317317317,-0.02611854095448507,-0.025495021451206412,-0.05161356240569148
7.277277277277277,-0.0258414212075877,-0.024490462281391956,-0.050331883488979656
7.237237237237237,-0.025252541694499087,-0.024871502035239246,-0.05012404372973833
7.197197197197197,-0.024906141916289926,-0.025495021618553437,-0.05040116353484336
7.157157157157157,-0.027365580259356648,-0.027330940174579155,-0.0546965204339358
7.117117117117117,-0.025806781311985105,-0.02570286134869093,-0.051509642660676036
7.077077077077076,-0.025356461672345176,-0.02649958076654002,-0.0518560424388852
7.037037037037037,-0.025183261634083465,-0.025113981893809978,-0.05029724352789344
6.996996996996997,-0.02691526045964565,-0.02656886074692011,-0.05348412120656576
6.956956956956956,-0.023174143185315188,-0.02812765970156761,-0.0513018028868828
6.916916916916917,-0.027608059914200567,-0.028058379655703902,-0.05566643956990447
6.876876876876876,-0.026499580817471724,-0.0258067812101217,-0.05230636202759342
6.836836836836837,-0.028370139509206638,-0.027053820427681785,-0.05542395993688842
6.796796796796797,-0.02979037838667864,-0.029236138820124324,-0.059026517206802964
6.756756756756756,-0.027296300198941026,-0.02934005887072999,-0.056636359069671016
6.716716716716717,-0.027711979892046656,-0.029790378401230555,-0.05750235829327721
6.676676676676676,-0.028820459039707202,-0.027954459699685685,-0.05677491873939289
6.636636636636637,-0.0316955769303604,-0.027677339901856612,-0.059372916832217015
6.596596596596597,-0.02698454053461319,-0.03003285818704171,-0.0570173987216549
6.556556556556556,-0.03100277740304591,-0.031106697402719874,-0.062109474805765785
6.516516516516517,-0.03256157637224533,-0.032596216376987286,-0.06515779274923261
6.476476476476476,-0.03155701720970683,-0.031072057448909618,-0.06262907465861645
6.436436436436436,-0.0327001363330055,-0.03283869614824653,-0.06553883248125203
6.396396396396397,-0.0339471753250109,-0.03155701720243087,-0.06550419252744177
6.356356356356356,-0.03207661675696727,-0.031106697482755408,-0.06318331423972268
6.316316316316316,-0.03176485691801645,-0.031730216927826405,-0.06349507384584285
6.276276276276276,-0.032769416182418354,-0.031002777483081445,-0.0637721936654998
6.236236236236236,-0.033462215746112633,-0.030656377726700157,-0.06411859347281279
6.196196196196197,-0.032769416269729845,-0.034189655059890356,-0.0669590713296202
6.156156156156156,-0.036891573305183556,-0.034397495081066154,-0.07128906838624971
6.116116116116116,-0.03526349435560405,-0.03460533492034301,-0.06986882927594706
6.076076076076076,-0.03640661355893826,-0.03502101467893226,-0.07142762823787052
6.036036036036036,-0.036995493130234536,-0.035783093990175985,-0.07277858712041052
5.9959959959959965,-0.03917781156633282,-0.033185095991939306,-0.07236290755827213
5.955955955955956,-0.036406613668077625,-0.03637197361240396,-0.07277858728048159
5.915915915915916,-0.03917781152995303,-0.03699549317389028,-0.07617330470384331
5.8758758758758765,-0.03727261294989148,-0.03748045278916834,-0.07475306573905982
5.8358358358358355,-0.0383810921193799,-0.03893533167865826,-0.07731642379803816
5.7957957957957955,-0.04084053028782364,-0.03987061101361178,-0.08071114130143542
5.7557557557557555,-0.03900461168814218,-0.04101373029698152,-0.0800183419851237
5.7157157157157155,-0.04045949058490805,-0.0398013311350951,-0.08026082172000315
5.675675675675675,-0.04212220932095079,-0.04073661042639287,-0.08285881974734366
5.635635635635635,-0.04381956811994314,-0.04250324912572978,-0.08632281724567292
5.595595595595595,-0.043126768643560354,-0.0436810082901502,-0.08680777693371056
5.555555555555555,-0.0443738076792215,-0.043057488728663884,-0.08743129640788538
5.515515515515515,-0.04250324924942106,-0.04222612913872581,-0.08472937838814687
5.475475475475475,-0.04530908714514226,-0.04527444703853689,-0.09058353418367915
5.435435435435435,-0.04575940667564282,-0.04246860952844145,-0.08822801620408427
5.395395395395395,-0.04956980393762933,-0.04631364631495671,-0.09588345025258604
5.355355355355355,-0.04901556427648757,-0.046798606104857754,-0.09581417038134532
5.315315315315315,-0.05022796324919909,-0.04742212536075385,-0.09765008860995295
5.275275275275275,-0.05043580333585851,-0.04915412434638711,-0.09958992768224562
5.235235235235235,-0.05064364316058345,-0.04953516379464418,-0.10017880695522763
5.195195195195195,-0.05119788274168968,-0.04946588398888707,-0.10066376673057675
5.155155155155155,-0.05372660088323755,-0.053969080734532326,-0.10769568161776988
5.115115115115115,-0.055527879507280886,-0.05521611972653773,-0.11074399923381861
5.075075075075075,-0.05435012016823748,-0.05459260031784652,-0.108942720486084
5.035035035035035,-0.05784875796234701,-0.05729451827210141,-0.11514327623444842
4.994994994994995,-0.05802195776050212,-0.053726600963273086,-0.1117485587237752
4.954954954954955,-0.057987317733932287,-0.05725987820915179,-0.11524719594308408
4.914914914914915,-0.06093171544489451,-0.06003107621654635,-0.12096279166144086
4.874874874874875,-0.06158987520757364,-0.06068923568818718,-0.12227911089576082
4.834834834834835,-0.06619699164002668,-0.061451315094018355,-0.12764830673404504
4.794794794794795,-0.06266371403035009,-0.06332187358930241,-0.1259855876196525
4.754754754754755,-0.06533099230000516,-0.06591987172578229,-0.13125086402578745
4.714714714714715,-0.06914138944557635,-0.06664731157798087,-0.13578870102355722
4.674674674674675,-0.06966098906559637,-0.06799827024224214,-0.1376592593078385
4.634634634634635,-0.07322890641080448,-0.0677211505753803,-0.1409500569861848
4.594594594594595,-0.07392170593084302,-0.07177402733941562,-0.14569573327025864
4.554554554554555,-0.07447594535915414,-0.07374850613996387,-0.148224451499118
4.514514514514515,-0.0768314637025469,-0.0754112244467251,-0.152242688149272
4.474474474474475,-0.07877130193082849,-0.0752380249032285,-0.154009326834057
4.434434434434435,-0.0803647411376005,-0.07603474401548738,-0.15639948515308788
4.394394394394395,-0.08348233857395826,-0.08185425998090068,-0.16533659855485894
4.354354354354354,-0.08601105671550613,-0.08483329776936444,-0.17084435448487056
4.314314314314315,-0.08847049485484604,-0.083482338617614,-0.17195283347246004
4.2742742742742745,-0.09155345217732247,-0.08885153442679439,-0.18040498660411686
4.2342342342342345,-0.09349329105316428,-0.0902024937531678,-0.18369578480633209
4.1941941941941945,-0.09636840875464259,-0.09269657164259115,-0.18906498039723374
4.154154154154154,-0.09948600669304142,-0.09636840919120004,-0.19585441588424146
4.114114114114114,-0.10184152499277843,-0.09678408902254887,-0.1986256140153273
4.074074074074074,-0.10256896429200424,-0.10083696601213887,-0.2034059303041431
4.034034034034034,-0.10828456024319166,-0.10707216101582162,-0.21535672125901328
3.9939939939939944,-0.11105575801047962,-0.10648328183742706,-0.21753903984790668
3.9539539539539534,-0.11351519636809826,-0.11160999777348479,-0.22512519414158305
3.9139139139139134,-0.11715239349723561,-0.11732559400843456,-0.23447798750567017
3.8738738738738743,-0.12252158990304451,-0.11995823162578745,-0.24247982152883196
3.8338338338338342,-0.12511958802497247,-0.12404574907850474,-0.2491653371034772
3.7937937937937942,-0.1277522260643309,-0.12778686610545265,-0.25553909216978354
3.7537537537537533,-0.13474950109230122,-0.1319783027502126,-0.2667278038425138
3.7137137137137133,-0.13880237818375463,-0.13835205829673214,-0.27715443648048677
3.673673673673674,-0.1445179739384912,-0.14198925565870013,-0.2865072295971913
3.633633633633634,-0.14874405117006972,-0.1464924520405475,-0.29523650321061723
3.593593593593594,-0.15213876835332485,-0.15161916829674738,-0.3037579366500722
3.553553553553553,-0.15823540364362998,-0.15608772521227365,-0.31432312885590363
3.513513513513513,-0.16239220053103054,-0.1621150806095102,-0.3245072811405407
3.473473473473474,-0.17209139270562446,-0.16630651679588482,-0.3383979095015093
3.433433433433434,-0.17739130878908327,-0.17226459247467574,-0.349655901263759
3.393393393393394,-0.18473498262756038,-0.17770306846796302,-0.3624380510955234
3.353353353353353,-0.18889177950040903,-0.18570490202546353,-0.37459668152587255
3.313313313313313,-0.19775961281266063,-0.19200937687128317,-0.3897689896839438
3.273273273273274,-0.203752327899565,-0.1988334520428907,-0.4025857799424557
3.233233233233234,-0.21206592179078143,-0.20919080422754632,-0.42125672601832775
3.193193193193194,-0.21577239854377694,-0.21386720110604074,-0.4296395996498177
3.153153153153153,-0.227307510576793,-0.22055271598219406,-0.44786022655898705
3.113113113113113,-0.23506686513428576,-0.23047706893703435,-0.4655439340713201
3.073073073073073,-0.2428954991264618,-0.2398645014181966,-0.4827600005446584
3.0330330330330337,-0.2552966099465266,-0.24816077537252568,-0.5034573853190523
2.9929929929929937,-0.26447620341787115,-0.25874328744248487,-0.523219490860356
2.952952952952953,-0.27304959725006483,-0.2660696419334272,-0.539119239183492
2.9129129129129128,-0.2849830692575779,-0.27594203513581306,-0.5609251043933909
2.8728728728728727,-0.2942492613074137,-0.290075144614093,-0.5843244059215067
2.8328328328328336,-0.3009694178472273,-0.3000341378356097,-0.601003555682837
2.7927927927927936,-0.3174753647908801,-0.3122793681541225,-0.6297547329450026
2.7527527527527527,-0.3320414742047433,-0.3230524004466133,-0.6550938746513566
2.7127127127127126,-0.3390560691768769,-0.3370642698428128,-0.6761203390196897
2.6726726726726726,-0.3517342987761367,-0.3502621012739837,-0.7019964000501204
2.6326326326326317,-0.3691235662845429,-0.3641873704327736,-0.7333109367173165
2.5925925925925934,-0.37653652086737566,-0.3764845601108391,-0.7530210809782147
2.5525525525525525,-0.3907042696373537,-0.39179542858619243,-0.7824996982235461
2.5125125125125125,-0.41299509280361235,-0.4058765794034116,-0.818871672207024
2.4724724724724725,-0.42957032084814273,-0.4195766882330645,-0.8491470090812072
2.4324324324324316,-0.44834518636344,-0.4363077954039909,-0.8846529817674309
2.3923923923923933,-0.4574035411060322,-0.45655486156465486,-0.9139584026706871
2.3523523523523524,-0.47678460797760636,-0.4741692886163946,-0.950953896594001
2.3123123123123124,-0.49566339355078526,-0.4910735965240747,-0.9867369900748599
2.2722722722722724,-0.5126716195954941,-0.5087746232456993,-1.0214462428411935
2.2322322322322314,-0.5355859622359276,-0.5275494889065158,-1.0631354511424433
2.192192192192193,-0.5566643872007262,-0.5490262731327675,-1.1056906603334937
2.1521521521521523,-0.5677491815877147,-0.5688576586544514,-1.136606840242166
2.1121121121121122,-0.6004146761551965,-0.5906981625594199,-1.1911128387146164
2.0720720720720722,-0.6214757800917141,-0.6126079467358068,-1.2340837268275209
2.0320320320320313,-0.6373755275271833,-0.6336690508469474,-1.2710445783741307
1.991991991991993,-0.6666636243462563,-0.6567219542339444,-1.3233855785802007
1.951951951951953,-0.6878286497667432,-0.682320895139128,-1.3701495449058712
1.9119119119119112,-0.7072443559300154,-0.7079891157336533,-1.4152334716636688
1.8718718718718712,-0.7297776595805772,-0.7309207776561379,-1.460698437236715
1.8318318318318312,-0.7642963933176361,-0.7575069578015245,-1.5218033511191607
1.7917917917917912,-0.7811487398575991,-0.7840411785873584,-1.5651899184449576
1.751751751751753,-0.8111296377610415,-0.8115279999910854,-1.622657637752127
1.711711711711711,-0.846531693416182,-0.8388589397072792,-1.6853906331234612
1.671671671671671,-0.8643366384785622,-0.867939198971726,-1.7322758374502882
1.631631631631631,-0.8955472586676478,-0.897123375441879,-1.7926706341095269
1.591591591591591,-0.9357642700779252,-0.924003996013198,-1.8597682660911232
1.5515515515515528,-0.95249537442578,-0.957050530181732,-1.909545904607512
1.511511511511511,-0.982199152931571,-0.9889019867405295,-1.9711011396721005
1.471471471471471,-1.0125957306008786,-1.0208054052200168,-2.0334011358208954
1.431431431431431,-1.0572639786987565,-1.050422584055923,-2.1076865627546795
1.391391391391391,-1.0889941971399821,-1.0832093147328123,-2.1722035118727945
1.3513513513513509,-1.1057079838356003,-1.1171391733223572,-2.2228471571579576
1.3113113113113108,-1.1544117867015302,-1.1504108688677661,-2.3048226555692963
1.2712712712712708,-1.1895713582634926,-1.1820025261258706,-2.3715738843893632
1.2312312312312308,-1.2078785850899294,-1.2150837003719062,-2.4229622854618356
1.1911911911911908,-1.2550235916860402,-1.252841273555532,-2.5078648652415723
1.1511511511511507,-1.2923654823098332,-1.2884684861637652,-2.5808339684735984
1.1111111111111107,-1.313114829128608,-1.3214110980043188,-2.634525927132927
1.0710710710710707,-1.3635333108250052,-1.357298115035519,-2.720831425860524
1.0310310310310307,-1.3936354467878118,-1.394414846552536,-2.7880502933403477
0.9909909909909906,-1.418316428666003,-1.429816898657009,-2.848133327323012
0.9509509509509506,-1.4444003272801638,-1.4664486714173108,-2.9108489986974746
0.9109109109109106,-1.4910430553136393,-1.5039637649897486,-2.995006820303388
0.8708708708708706,-1.5189801946980879,-1.5417559797642753,-3.060736174462363
0.8308308308308305,-1.550485248095356,-1.575928310630843,-3.126413558726199
0.7907907907907905,-1.596071453532204,-1.613859083270654,-3.209930536802858
0.7507507507507505,-1.6239739559823647,-1.6500578571576625,-3.2740318131400272
0.7107107107107105,-1.6531581347808242,-1.6835373910143971,-3.3366955257952213
0.6706706706706704,-1.700874695321545,-1.7168610461521894,-3.4177357414737344
0.6306306306306304,-1.7290369969559833,-1.7531810614746064,-3.4822180584305897
0.5905905905905904,-1.7636596536030993,-1.7889121916377917,-3.552571845240891
0.5505505505505504,-1.8180097712902352,-1.8231191647937521,-3.6411289360839874
0.5105105105105103,-1.8299086008919403,-1.8607208625180647,-3.690629463410005
0.4704704704704703,-1.8807427652645856,-1.8965559144271538,-3.7772986796917394
0.4304304304304303,-1.897300669690594,-1.927593331085518,-3.824894000776112
0.39039039039039025,-1.9504383949097246,-1.964502222253941,-3.9149406171636656
0.3503503503503502,-1.9819434453966096,-1.9958340764278546,-3.977777521824464
0.3103103103103102,-1.9937903227983043,-2.0291923738550395,-4.022982696653344
0.2702702702702702,-2.056921681156382,-2.0630702710477635,-4.1199919522041455
0.23023023023023015,-2.0747093003010377,-2.095250810030848,-4.1699601103318855
0.19019019019019012,-2.0910074098501354,-2.123499706736766,-4.214507116586901
0.1501501501501501,-2.144422253360972,-2.1550047632772475,-4.299427016638219
0.11011011011011007,-2.158260916825384,-2.182820663554594,-4.341081580379978
0.07007007007007005,-2.180950109148398,-2.2154861548915505,-4.396436264039949
0.03003003003003002,-2.2290650240611285,-2.245813453104347,-4.4748784771654755
-0.010010010010010006,-2.2534515699371696,-2.2693686322309077,-4.522820202168077
-0.05005005005005003,-2.2674461228307337,-2.296179982367903,-4.563626105198637
-0.09009009009009006,-2.28206419153139,-2.3260396332480013,-4.608103824779391
-0.13013013013013008,-2.3299193105194718,-2.344277589349076,-4.674196899868548
-0.1701701701701701,-2.339029633672908,-2.3705520092044026,-4.7095816428773105
-0.21021021021021014,-2.357795831281692,-2.3933018094394356,-4.751097640721127
-0.25025025025025016,-2.4109941693022847,-2.417584430426359,-4.828578599728644
-0.2902902902902902,-2.3988355402834713,-2.4391218326054513,-4.837957372888923
-0.3303303303303302,-2.4198187126312405,-2.4588579605333507,-4.878676673164591
-0.37037037037037024,-2.4715621690265834,-2.481633747695014,-4.953195916721597
-0.41041041041041026,-2.4647640720941126,-2.4983908308204263,-4.963154902914539
-0.4504504504504503,-2.4834436755627394,-2.5169318770058453,-5.000375552568585
-0.4904904904904903,-2.5255658936221153,-2.5347021836787462,-5.0602680773008615
-0.5305305305305303,-2.5397769389674067,-2.5528015659656376,-5.092578504933044
-0.5705705705705704,-2.5322427495848387,-2.5670126208569854,-5.099255370441824
-0.6106106106106104,-2.5706757996231318,-2.579552293289453,-5.1502280929125845
-0.6506506506506504,-2.586220482829958,-2.5903166614007205,-5.176537144230679
-0.6906906906906904,-2.584185392362997,-2.606051871785894,-5.190237264148891
-0.7307307307307305,-2.6094985478557646,-2.6170933607500046,-5.226591908605769
-0.7707707707707705,-2.621241501532495,-2.6298148941714317,-5.251056395703927
-0.8108108108108105,-2.60061339661479,-2.6414279439486563,-5.242041340563446
-0.8508508508508505,-2.6335819894447923,-2.648390578571707,-5.281972568016499
-0.8908908908908906,-2.6414106257725507,-2.6528504744637758,-5.2942611002363265
-0.9309309309309306,-2.628602494718507,-2.664636728586629,-5.293239223305136
-0.9709709709709706,-2.6723787633236498,-2.67196308192797,-5.34434184525162
-1.0110110110110107,-2.6447533783502877,-2.6788997354451567,-5.323653113795444
-1.0510510510510507,-2.6612246884033084,-2.6841823349241167,-5.345407023327425
-1.0910910910910925,-2.6768213342875242,-2.686407951870933,-5.363229286158457
-1.1311311311311307,-2.6606964298989624,-2.6922101457603276,-5.35290657565929
-1.1711711711711708,-2.669581583235413,-2.6957953833043575,-5.36537696653977
-1.2112112112112108,-2.6828660080209374,-2.6935524486470968,-5.376418456668034
-1.2512512512512508,-2.6814457823056728,-2.693136768648401,-5.374582550954074
-1.2912912912912926,-2.6822078516706824,-2.695301766972989,-5.377509618643671
-1.3313313313313309,-2.697224281495437,-2.6963756021577865,-5.3935998836532235
-1.3713713713713709,-2.692149525275454,-2.6935784234665334,-5.385727948741987
-1.411411411411411,-2.6833423094358295,-2.6971723213791847,-5.380514630815014
-1.451451451451451,-2.702004599617794,-2.6933359494432807,-5.395340549061075
-1.4914914914914927,-2.691032385919243,-2.6946176246274263,-5.385650010546669
-1.531531531531531,-2.6813331947196275,-2.6893610074184835,-5.370694202138111
-1.571571571571571,-2.6786572565324605,-2.686295368010178,-5.364952624542639
-1.611611611611611,-2.684468110324815,-2.6817402159795165,-5.366208326304331
-1.651651651651651,-2.6783108541276306,-2.677903834031895,-5.356214688159525
-1.6916916916916929,-2.6803805981762707,-2.6763450405560434,-5.356725638732314
-1.7317317317317311,-2.685065646888688,-2.6712876034434885,-5.356353250332177
-1.7717717717717711,-2.655872816918418,-2.662532347952947,-5.318405164871365
-1.8118118118118112,-2.6598564088344574,-2.6586613338440657,-5.318517742678523
-1.8518518518518512,-2.6551453738939017,-2.6480355211533606,-5.303180895047262
-1.891891891891893,-2.6357296702917665,-2.6436968613415956,-5.279426531633362
-1.9319319319319312,-2.6498714396730065,-2.635807610815391,-5.2856790504883975
-1.9719719719719713,-2.6400943035259843,-2.6274680390488356,-5.26756234257482
-2.0120120120120113,-2.6163919086102396,-2.621397378621623,-5.2377892872318625
-2.0520520520520513,-2.6081475901883096,-2.614131639711559,-5.222279229899868
-2.092092092092093,-2.613845868036151,-2.604960713768378,-5.218806581804529
-2.1321321321321314,-2.6002669932786375,-2.600208538817242,-5.200475532095879
-2.172172172172173,-2.594144382281229,-2.590792962582782,-5.184937344864011
-2.2122122122122114,-2.5968462985474616,-2.580470249056816,-5.177316547604278
-2.2522522522522515,-2.5685800751671195,-2.5709529181476682,-5.139532993314788
-2.2922922922922933,-2.5705372334923595,-2.566155281616375,-5.136692515108734
-2.3323323323323315,-2.5606475239619613,-2.554585530422628,-5.115233054384589
-2.3723723723723733,-2.5430417561437935,-2.546759064309299,-5.0898008204530925
-2.4124124124124116,-2.5353083827067167,-2.5344856842420995,-5.069794066948816
-2.4524524524524516,-2.5216862158849835,-2.5256784753873944,-5.047364691272378
-2.4924924924924934,-2.5199022525921464,-2.51411737781018,-5.034019630402327
-2.5325325325325316,-2.4996725141536444,-2.505771310767159,-5.005443824920803
-2.5725725725725734,-2.4973104998935014,-2.4971697747241706,-4.994480274617672
-2.6126126126126117,-2.497074516490102,-2.488128739176318,-4.98520325566642
-2.6526526526526517,-2.470583589281887,-2.473986967932433,-4.94457055721432
-2.6926926926926935,-2.469630988081917,-2.4682194152846932,-4.93785040336661
-2.7327327327327318,-2.460373458918184,-2.459550763713196,-4.91992422263138
-2.7727727727727736,-2.444058032007888,-2.4438155498355627,-4.887873581843451
-2.812812812812812,-2.4319600195158273,-2.435354735935107,-4.867314755450934
-2.852852852852852,-2.4269805257208645,-2.4277079629246145,-4.854688488645479
-2.8928928928928936,-2.4198620084207505,-2.4164066752418876,-4.836268683662638
-2.932932932932932,-2.4086992731317878,-2.402091702213511,-4.810790975345299
-2.9729729729729737,-2.4076860598288476,-2.3966791997663677,-4.804365259595215
-3.013013013013012,-2.3884955085814,-2.386001438135281,-4.774496946716681
-3.053053053053052,-2.3879326139576733,-2.3769430790562183,-4.764875693013892
-3.0930930930930938,-2.369625394931063,-2.3606363080907613,-4.730261703021824
-3.133133133133132,-2.3525132429786026,-2.355319080175832,-4.707832323154435
-3.173173173173174,-2.3547648433595896,-2.346624445170164,-4.701389288529754
-3.213213213213212,-2.335063354112208,-2.333374652080238,-4.668438006192446
-3.253253253253252,-2.3235455667600036,-2.3234069973696023,-4.646952564129606
-3.293293293293294,-2.315162689425051,-2.3154484666883945,-4.630611156113446
-3.333333333333332,-2.313231513602659,-2.3061303144786507,-4.61936182808131
-3.373373373373374,-2.297392384381965,-2.293356819776818,-4.590749204158783
-3.413413413413412,-2.294092920375988,-2.2804707542527467,-4.574563674628735
-3.4534534534534522,-2.2842205269262195,-2.273230998078361,-4.557451525004581
-3.493493493493494,-2.2592018046416342,-2.2639561493415385,-4.523157953983173
-3.5335335335335323,-2.2611416433937848,-2.2529752706177533,-4.514116914011538
-3.573573573573574,-2.2486625988967717,-2.2432674246374518,-4.491930023534223
-3.6136136136136123,-2.2341917452868074,-2.2322692340239882,-4.466460979310796
-3.653653653653654,-2.2349538295529783,-2.2241115095093846,-4.459065339062363
-3.693693693693694,-2.2160750422626734,-2.213563643861562,-4.429638686124235
-3.7337337337337324,-2.212870840681717,-2.202617410104722,-4.415488250786439
-3.773773773773774,-2.1962090181186795,-2.19759461004287,-4.39380362816155
-3.8138138138138125,-2.1830631429329515,-2.187306542880833,-4.370369685813785
-3.8538538538538543,-2.1848990621510893,-2.1760139090474695,-4.360912971198559
-3.8938938938938943,-2.179356669774279,-2.1702550121117383,-4.349611681886017
-3.9339339339339325,-2.1592914655338973,-2.1585900026839226,-4.31788146821782
-3.9739739739739743,-2.154970122501254,-2.151090443599969,-4.306060566101223
-4.014014014014013,-2.1410102162044495,-2.1412873370572925,-4.282297553261742
-4.054054054054054,-2.1292239632457495,-2.1302718184888363,-4.259495781734586
-4.094094094094094,-2.1215338902547956,-2.1222353458870202,-4.243769236141816
-4.134134134134133,-2.122417207574472,-2.115398275665939,-4.237815483240411
-4.1741741741741745,-2.0988793468568474,-2.103980074170977,-4.202859421027824
-4.214214214214213,-2.096385268261656,-2.0978358169086277,-4.194221085170284
-4.2542542542542545,-2.0792644596658647,-2.088868390303105,-4.16813284996897
-4.2942942942942945,-2.0808752211742103,-2.081282229628414,-4.162157450802624
-4.334334334334333,-2.072535646148026,-2.0723840922582895,-4.1449197384063154
-4.374374374374375,-2.0567744551226497,-2.0655859916005284,-4.122360446723178
-4.414414414414413,-2.0499763630796224,-2.0578915923833847,-4.107867955463007
-4.454454454454455,-2.0454341920558363,-2.0494177823420614,-4.094851974397898
-4.494494494494495,-2.0282744138967246,-2.0380125734955072,-4.066286987392232
-4.534534534534533,-2.026620357995853,-2.0317513928748667,-4.0583717508707196
-4.574574574574575,-2.0224722165148705,-2.022727680625394,-4.0451998971402645
-4.614614614614613,-2.012145170941949,-2.017843444366008,-4.029988615307957
-4.654654654654655,-2.0132796321995556,-2.006104825530201,-4.019384457729757
-4.694694694694695,-1.9958254182711244,-1.997869173064828,-3.9936945913359523
-4.734734734734737,-1.9857624997384846,-1.9905341595876962,-3.976296659326181
-4.774774774774775,-1.9897850728593767,-1.984537110896781,-3.9743221837561578
-4.814814814814813,-1.9731838619336486,-1.9745478061959147,-3.9477316681295633
-4.854854854854855,-1.9694990336429328,-1.9660307033918798,-3.9355297370348126
-4.894894894894895,-1.9677886893041432,-1.9631685784552246,-3.930957267759368
-4.934934934934937,-1.9479356538504362,-1.9535862926859409,-3.901521946536377
-4.974974974974975,-1.9398212363012135,-1.9446578391361982,-3.8844790754374117
-5.015015015015013,-1.9352444296237081,-1.9355951566249132,-3.8708395862486213
-5.055055055055055,-1.9212975113186985,-1.93095340160653,-3.8522509129252285
-5.095095095095095,-1.9300744112115353,-1.9269698029384017,-3.857044214149937
-5.135135135135137,-1.9118407950736582,-1.9145210629794747,-3.826361858053133
-5.175175175175175,-1.9009551911149174,-1.9065235606394708,-3.807478751754388
-5.215215215215213,-1.9022931561339647,-1.901288587367162,-3.8035817435011268
-5.255255255255255,-1.8963783825747669,-1.8966684888582677,-3.7930468714330345
-5.295295295295295,-1.887246417813003,-1.88777901022695,-3.775025428039953
-5.335335335335337,-1.878655702341348,-1.8841114949900657,-3.7627671973314136
-5.375375375375375,-1.872576389228925,-1.8770189667120576,-3.7495953559409827
-5.4154154154154135,-1.8606039471924305,-1.866631302749738,-3.7272352499421686
-5.455455455455455,-1.8623229549266398,-1.8615305605344474,-3.7238535154610872
-5.495495495495495,-1.8482071640901268,-1.8564471493009478,-3.7046543133910745
-5.535535535535537,-1.844167277449742,-1.8529355223290622,-3.697102799778804
-5.575575575575575,-1.8457866942044348,-1.84219712857157,-3.6879838227760047
-5.615615615615614,-1.8267173902131617,-1.8345979859586805,-3.661315376171842
-5.655655655655655,-1.8247082761954516,-1.8284623813815415,-3.653170657576993
-5.6956956956956954,-1.8200795075390488,-1.8264792393893003,-3.646558746928349
-5.735735735735737,-1.808245625346899,-1.820317653240636,-3.628563278587535
-5.7757757757757755,-1.8029110664501786,-1.8146323692053556,-3.6175434356555343
-5.815815815815814,-1.8001398702617735,-1.805097718257457,-3.6052375885192305
-5.8558558558558556,-1.7949222249444574,-1.799468724289909,-3.5943909492343664
-5.895895895895896,-1.7878340161405504,-1.7978752839844674,-3.5857093001250178
-5.935935935935937,-1.7814819170162082,-1.7843310511671007,-3.565812968183309
-5.975975975975976,-1.7721724221482873,-1.7826380273327231,-3.5548104494810104
-6.016016016016014,-1.7721334553789347,-1.7754155909642577,-3.5475490463431925
-6.0560560560560575,-1.7658073275815696,-1.7706872376147658,-3.5364945651963353
-6.096096096096094,-1.7568832037504762,-1.7655172143131495,-3.5224004180636257
-6.1361361361361375,-1.754921711748466,-1.7587624238803983,-3.513684135628864
-6.1761761761761775,-1.743581453571096,-1.7516568985302001,-3.495238352101296
-6.216216216216218,-1.7467943131923676,-1.7472922613378614,-3.494086574530229
-6.256256256256258,-1.7391215595416725,-1.7451965417712927,-3.484318101312965
-6.296296296296294,-1.7302060890942812,-1.738268548855558,-3.4684746379498392
-6.336336336336338,-1.7295522636268288,-1.7339039098005742,-3.463456173427403
-6.376376376376378,-1.7285520392470062,-1.7275518088135868,-3.456103848060593
-6.416416416416418,-1.716705166036263,-1.7189437749329954,-3.4356489409692585
-6.456456456456458,-1.7111584388185292,-1.7138603574130684,-3.4250187962315977
-6.496496496496494,-1.7098681016359478,-1.7118079373613,-3.421676038997248
-6.536536536536538,-1.702836187556386,-1.7065166824031621,-3.409352869959548
-6.576576576576578,-1.6949902346823364,-1.6995020867325366,-3.394492321414873
-6.616616616616618,-1.6981511262711138,-1.6958432393148541,-3.393994365585968
-6.656656656656658,-1.68970330292359,-1.6912317925598472,-3.380935095483437
-6.696696696696694,-1.6803721580654383,-1.689815882127732,-3.3701880401931703
-6.736736736736738,-1.677566323429346,-1.6795711109880358,-3.357137434417382
-6.776776776776778,-1.6711449366994202,-1.6732579784002155,-3.3444029150996357
-6.816816816816818,-1.6713094806764275,-1.6715649468824267,-3.3428744275588542
-6.856856856856858,-1.6562064501922578,-1.6664382310118526,-3.3226446812041104
-6.8968968968968944,-1.6579254574608058,-1.6619999867398292,-3.319925444200635
-6.936936936936938,-1.6585446505341679,-1.6584407300688326,-3.3169853806030005
-6.976976976976978,-1.653530513169244,-1.6507939503062516,-3.3043244634754956
-7.017017017017018,-1.644645357504487,-1.6506207522470504,-3.2952661097515374
-7.057057057057058,-1.6401335026603192,-1.6419910688418895,-3.2821245715022087
-7.097097097097095,-1.6367604327388108,-1.6393108030315489,-3.2760712357703596
-7.137137137137138,-1.6349028693512082,-1.6329673561267555,-3.2678702254779637
-7.177177177177178,-1.6261735947337002,-1.6313522700220346,-3.257525864755735
-7.217217217217218,-1.6149935405701399,-1.6280311639420688,-3.2430247045122087
-7.257257257257258,-1.6160803714301437,-1.6225753678008914,-3.238655739231035
-7.297297297297298,-1.614209814928472,-1.6192888990044594,-3.2334987139329314
-7.337337337337338,-1.6103777629323304,-1.6116551128216088,-3.222032875753939
-7.377377377377378,-1.6106592137366533,-1.6053333198651671,-3.2159925336018205
-7.417417417417418,-1.5964914641808718,-1.6035407045856118,-3.2000321687664837
-7.457457457457458,-1.5924948777537793,-1.6000550538301468,-3.192549931583926
-7.497497497497498,-1.5897106900811195,-1.597019725246355,-3.1867304153274745
-7.537537537537538,-1.5779937214683741,-1.591321449028328,-3.169315170496702
-7.577577577577578,-1.5858786450698972,-1.586874539963901,-3.172753185033798
-7.6176176176176185,-1.5777425826527178,-1.5854239924810827,-3.1631665751338005
-7.6576576576576585,-1.5731744365766644,-1.5829645537305623,-3.1561389903072268
-7.6976976976976985,-1.5712302653118968,-1.575655521824956,-3.1468857871368527
-7.7377377377377385,-1.5680693686008453,-1.5733433007262647,-3.14141266932711
-7.777777777777779,-1.5641593832988292,-1.5684157649520785,-3.1325751482509077
-7.817817817817819,-1.5592967919074,-1.5637870004866272,-3.123083792394027
-7.857857857857859,-1.5595262828283012,-1.558703581802547,-3.118229864630848
-7.897897897897899,-1.5611197238322347,-1.5571534435730428,-3.1182731674052775
-7.937937937937939,-1.5516023901291192,-1.5542003880254924,-3.1058027781546116
-7.977977977977979,-1.5514118713326752,-1.5495196615811437,-3.100931532913819
-8.018018018018019,-1.5484068528749049,-1.5462591713294387,-3.0946660242043436
-8.058058058058059,-1.5418902076780796,-1.5421023725066334,-3.083992580184713
-8.098098098098099,-1.5410545200575143,-1.5401192354038358,-3.08117375546135
-8.138138138138139,-1.5336675425060093,-1.5340702303219587,-3.067737772827968
-8.178178178178179,-1.5303161267656833,-1.5303940647281706,-3.060710191493854
-8.218218218218219,-1.5277830779086798,-1.5278610184323043,-3.055644096340984
-8.258258258258259,-1.5289478446356952,-1.5223445976153016,-3.051292442250997
-8.298298298298299,-1.5228858508635312,-1.5173607729375362,-3.0402466238010675
-8.338338338338339,-1.5197725826874375,-1.5146761781070381,-3.0344487607944757
-8.378378378378379,-1.5133901662193239,-1.5121084875427186,-3.0254986537620425
-8.418418418418419,-1.5082331458106637,-1.5104630857240409,-3.0186962315347046
-8.458458458458459,-1.5035870557185262,-1.5060421633534133,-3.0096292190719396
-8.498498498498499,-1.5099218427203596,-1.5018637164030224,-3.011785559123382
-8.538538538538539,-1.497867131838575,-1.4998329505324364,-2.9977000823710114
-8.578578578578579,-1.5031713761854917,-1.498659519245848,-3.0018308954313397
-8.618618618618619,-1.4986335404682904,-1.4919177161064,-2.9905512565746903
-8.65865865865866,-1.4954899647273123,-1.4887914578430355,-2.984281422570348
-8.6986986986987,-1.4911253254394978,-1.4858990164939314,-2.9770243419334292
-8.73873873873874,-1.4887827998027205,-1.4838379411958158,-2.9726207409985363
-8.77877877877878,-1.4802700229920447,-1.4813178835902363,-2.961587906582281
-8.81881881881882,-1.4827164735179394,-1.476611174410209,-2.9593276479281485
-8.85885885885886,-1.4750177378300577,-1.4772953176870942,-2.952313055517152
-8.8988988988989,-1.472696860320866,-1.473277076613158,-2.945973936934024
-8.93893893893894,-1.4748315487522632,-1.4665569213684648,-2.941388470120728
-8.97897897897898,-1.462300538783893,-1.4660329958423972,-2.92833353462629
-9.01901901901902,-1.4632791171316057,-1.4638723267707974,-2.927151443902403
-9.05905905905906,-1.4528048529755324,-1.4599753252696246,-2.912780178245157
-9.0990990990991,-1.4567971115466207,-1.458494471386075,-2.9152915829326957
-9.13913913913914,-1.452571038622409,-1.4495616885833442,-2.9021327272057533
-9.17917917917918,-1.4541601433884352,-1.450163559988141,-2.9043237033765763
-9.21921921921922,-1.4428805010393262,-1.4471412177663296,-2.890021718805656
-9.25925925925926,-1.4454352012835443,-1.4429757597390562,-2.8884109610226005
-9.2992992992993,-1.4378057438880205,-1.4403517846949399,-2.8781575285829604
-9.33933933933934,-1.4375199670903385,-1.4365370580926538,-2.874057025182992
-9.37937937937938,-1.438251735875383,-1.4361083863768727,-2.8743601222522557
-9.41941941941942,-1.437948632054031,-1.429518133867532,-2.867466765921563
-9.45945945945946,-1.4280069640371948,-1.4287473927251995,-2.8567543567623943
-9.4994994994995,-1.4312847726978362,-1.4242312060669065,-2.8555159787647426
-9.53953953953954,-1.4260065057314932,-1.4239151165820658,-2.849921622313559
-9.57957957957958,-1.4210984529927373,-1.4186455097515136,-2.839743962744251
-9.61961961961962,-1.4208971050102264,-1.4158569914288819,-2.8367540964391083
-9.65965965965966,-1.4183380820322782,-1.4158136919140816,-2.8341517739463598
-9.6996996996997,-1.414484381210059,-1.4099768553860486,-2.8244612365961075
-9.73973973973974,-1.4168095921631902,-1.4115746249444783,-2.8283842171076685
-9.77977977977978,-1.4101587161421776,-1.4087861059233546,-2.818944822065532
-9.81981981981982,-1.407443808624521,-1.404590338934213,-2.812034147558734
-9.85985985985986,-1.409115188056603,-1.4002257036045194,-2.8093408916611224
-9.8998998998999,-1.39905227557756,-1.3965538667980582,-2.795606142375618
-9.93993993993994,-1.4051792207174003,-1.3951509478501976,-2.800330168567598
-9.97997997997998,-1.3972336740698665,-1.3937869970686734,-2.79102067113854
-9.979979979979978,-1.391942422138527,-1.3929296599235386,-2.7848720820620656
-9.93993993993994,-1.3971514038275927,-1.3880497510544956,-2.7852011548820883
-9.8998998998999,-1.391271271277219,-1.385460413293913,-2.776731684571132
-9.85985985985986,-1.385174633236602,-1.3829663344658911,-2.768140967702493
-9.819819819819822,-1.384758953237906,-1.3751290440559387,-2.759887997293845
-9.779779779779778,-1.381424855440855,-1.3794633699581027,-2.7608882253989577
-9.73973973973974,-1.3771728011779487,-1.3737131333909929,-2.7508859345689416
-9.6996996996997,-1.3748779017478228,-1.370469964807853,-2.745347866555676
-9.65965965965966,-1.3674216512590647,-1.3707254340406507,-2.7381470852997154
-9.619619619619622,-1.3724487773142755,-1.3663521390408278,-2.7388009163551033
-9.579579579579578,-1.3696905681863427,-1.3599870388861746,-2.7296776070725173
-9.53953953953954,-1.370422337204218,-1.361294699832797,-2.731717037037015
-9.4994994994995,-1.3697208769153804,-1.357614206848666,-2.7273350837640464
-9.45945945945946,-1.3709246148355305,-1.3576921469066292,-2.7286167617421597
-9.419419419419421,-1.3595150758046657,-1.3547044477891177,-2.7142195235937834
-9.379379379379378,-1.358047202695161,-1.3536739081609994,-2.7117211108561605
-9.33933933933934,-1.3534444195684046,-1.3462003336753696,-2.699644753243774
-9.2992992992993,-1.3493785499595106,-1.3463085824623704,-2.695687132421881
-9.25925925925926,-1.3533405002672225,-1.342177765443921,-2.6955182657111436
-9.219219219219221,-1.3498591829556972,-1.3434421252459288,-2.693301308201626
-9.179179179179178,-1.3400820479728281,-1.3404717459343374,-2.6805537939071655
-9.13913913913914,-1.3400170987006277,-1.3373411600477993,-2.677358258748427
-9.0990990990991,-1.3404890696983784,-1.3346349126659334,-2.675123982364312
-9.05905905905906,-1.3367306301370263,-1.3286335349548608,-2.665364165091887
-9.019019019019021,-1.3368562024552375,-1.3287417874671519,-2.6655979899223894
-8.978978978978978,-1.3311406029388309,-1.3293609777465463,-2.660501580685377
-8.93893893893894,-1.3300927456002682,-1.3244204504881054,-2.6545131960883737
-8.8988988988989,-1.3297290250193328,-1.3213937811087817,-2.6511228061281145
-8.85885885885886,-1.3248491187114269,-1.3210300609935075,-2.6458791797049344
-8.818818818818821,-1.3228183521423489,-1.3189256854820997,-2.6417440376244485
-8.778778778778777,-1.327754549216479,-1.3152884859591722,-2.6430430351756513
-8.73873873873874,-1.3205970625858754,-1.31055146898143,-2.6311485315673053
-8.6986986986987,-1.3230651638004929,-1.3095988701097667,-2.6326640339102596
-8.65865865865866,-1.3172629659529775,-1.309468970168382,-2.6267319361213595
-8.61861861861862,-1.314158356981352,-1.304848863510415,-2.619007220491767
-8.578578578578577,-1.3109411725308746,-1.3047622635494918,-2.6157034360803664
-8.538538538538539,-1.3101487830281258,-1.3026189170777798,-2.6127677001059055
-8.498498498498499,-1.2987522289622575,-1.2966911506373435,-2.595443379599601
-8.458458458458459,-1.3091615419834852,-1.299531628144905,-2.60869317012839
-8.41841841841842,-1.300367315998301,-1.2946517213713378,-2.5950190373696387
-8.378378378378377,-1.2975095200818032,-1.2906031745951623,-2.5881126946769655
-8.338338338338339,-1.3018914780113846,-1.2916077335830778,-2.5934992115944624
-8.298298298298299,-1.2945391410030425,-1.2839176605921239,-2.5784568015951663
-8.258258258258259,-1.3000512258149683,-1.2846797392703593,-2.5847309650853276
-8.21821821821822,-1.2919931064825505,-1.2823761802865192,-2.5743692867690697
-8.178178178178177,-1.2891049939207733,-1.280349743552506,-2.5694547374732792
-8.138138138138139,-1.2874033090192825,-1.2785701157990843,-2.5659734248183668
-8.098098098098099,-1.2904862624127418,-1.2749935381580144,-2.565479800570756
-8.058058058058059,-1.2823805129155517,-1.2751450871583074,-2.557525600073859
-8.018018018018015,-1.2833331095753238,-1.2675546027021483,-2.550887712277472
-7.977977977977977,-1.2782756728120148,-1.2676585203735158,-2.5459341931855306
-7.937937937937938,-1.2744955886155367,-1.266537049319595,-2.541032637935132
-7.897897897897899,-1.2758898441679776,-1.2663248827448115,-2.542214726912789
-7.8578578578578595,-1.2722483198158443,-1.2623889188980684,-2.5346372387139127
-7.817817817817816,-1.2676065613050014,-1.260475057642907,-2.5280816189479083
-7.777777777777777,-1.2649479426909238,-1.2584009900456294,-2.5233489327365533
-7.737737737737738,-1.260674238554202,-1.258660789229907,-2.519335027784109
-7.6976976976976985,-1.260466396342963,-1.2524472412187606,-2.5129136375617236
-7.657657657657659,-1.2519189837621525,-1.2507065839599818,-2.5026255677221343
-7.617617617617616,-1.2572665291372687,-1.245281096897088,-2.5025476260343567
-7.577577577577577,-1.2549759612884372,-1.24605616601184,-2.5010321273002774
-7.5375375375375375,-1.2519016627920792,-1.2444757177727297,-2.496377380564809
-7.497497497497498,-1.2425532013876364,-1.2427350595826283,-2.4852882609702647
-7.457457457457459,-1.2447268592659384,-1.2403405731311068,-2.485067432397045
-7.417417417417416,-1.244960677344352,-1.2372706030728295,-2.4822312804171816
-7.3773773773773765,-1.2408038817811757,-1.2359369641635567,-2.4767408459447324
-7.337337337337337,-1.2443977798102424,-1.2330791684798896,-2.477476948290132
-7.297297297297298,-1.2423929907381535,-1.2322434788802639,-2.4746364696184173
-7.257257257257259,-1.2369588474975899,-1.2285499919671565,-2.4655088394647464
-7.2172172172172155,-1.23181913793087,-1.2276363616110757,-2.4594554995419458
-7.177177177177176,-1.234854466165416,-1.2243065932998434,-2.4591610594652593
-7.137137137137137,-1.2351142670959234,-1.2215786933666095,-2.456692960462533
-7.097097097097098,-1.2358936630189419,-1.2208902274724096,-2.4567838904913515
-7.057057057057059,-1.2266967536415905,-1.217720667948015,-2.4444174215896055
-7.017017017017015,-1.2272336713504046,-1.2154647414572537,-2.4426984128076583
-6.976976976976976,-1.2247612450737506,-1.2112559813540429,-2.4360172264277935
-6.936936936936937,-1.2208382709650323,-1.2106324661290273,-2.4314707370940596
-6.896896896896898,-1.2196258711628616,-1.2072160971583799,-2.4268419683212414
-6.856856856856859,-1.2112992842448875,-1.2058045194717124,-2.4171038037166
-6.816816816816815,-1.2110135006951168,-1.2030982684809715,-2.4141117691760883
-6.776776776776776,-1.2128754035802558,-1.2026695990934968,-2.4155450026737526
-6.736736736736737,-1.2098314163740724,-1.1962785250507295,-2.406109941424802
-6.696696696696698,-1.2051983169512823,-1.1989328127820045,-2.404131129733287
-6.656656656656659,-1.2136418134905398,-1.196806784835644,-2.410448598326184
-6.616616616616615,-1.2046873790677637,-1.191948527120985,-2.3966359061887488
-6.576576576576576,-1.205605338793248,-1.1891903219511732,-2.394795660744421
-6.536536536536537,-1.1992532314034179,-1.1852803332731128,-2.3845335646765307
-6.496496496496498,-1.198850543354638,-1.185665701632388,-2.384516244987026
-6.456456456456459,-1.1957978955470026,-1.1826347038149834,-2.378432599361986
-6.416416416416415,-1.1928664873121306,-1.1779972770018503,-2.370863764313981
-6.376376376376376,-1.1858648834750056,-1.1771659181686118,-2.3630308016436175
-6.336336336336337,-1.1931782470783219,-1.1758755785413086,-2.3690538256196305
-6.296296296296298,-1.1892552714562044,-1.1739314096048474,-2.363186681061052
-6.2562562562562585,-1.1812577636446804,-1.16978327173274,-2.3510410353774205
-6.216216216216215,-1.1897229113383219,-1.1679949855897576,-2.3577178969280794
-6.176176176176176,-1.1755854721413925,-1.1659165878081694,-2.341502059949562
-6.136136136136137,-1.1756114499876276,-1.162452589138411,-2.3380640391260386
-6.0960960960960975,-1.1729398405877873,-1.1637689070776105,-2.336708747665398
-6.056056056056058,-1.1701426648069173,-1.1573778321035206,-2.327520496910438
-6.016016016016015,-1.1671592947095633,-1.154424776788801,-2.321584071498364
-5.975975975975976,-1.1655485379742458,-1.152636484359391,-2.318185022333637
-5.9359359359359365,-1.1574211328988895,-1.1505667477613315,-2.307987880660221
-5.895895895895897,-1.1617554622935131,-1.1477868907386437,-2.309542353032157
-5.855855855855858,-1.1593176727183163,-1.147609359351918,-2.3069270320702344
-5.815815815815815,-1.1568062723381445,-1.1439808219438419,-2.3007870942819864
-5.7757757757757755,-1.1527533951448277,-1.1411793153965846,-2.2939327105414122
-5.735735735735736,-1.151861414196901,-1.140421568765305,-2.292282982962206
-5.695695695695697,-1.1436993738170713,-1.1369142656913027,-2.280613639508374
-5.655655655655654,-1.1403869254281744,-1.1324067410314456,-2.27279366645962
-5.6156156156156145,-1.138330179033801,-1.1317052827216685,-2.2700354617554694
-5.575575575575575,-1.1318351801019162,-1.1269942459184676,-2.258829426020384
-5.535535535535536,-1.139313087100163,-1.123603856540285,-2.262916943640448
-5.495495495495497,-1.1359313585562631,-1.121464840369299,-2.257396198925562
-5.4554554554554535,-1.1318525022361428,-1.1183299217373133,-2.250182423973456
-5.415415415415414,-1.1340304921614006,-1.1164723535766825,-2.250502845738083
-5.375375375375375,-1.1224304275820032,-1.1141904431860894,-2.2366208707680926
-5.335335335335336,-1.1229456986766309,-1.1074010075535625,-2.2303467062301934
-5.295295295295297,-1.1249591464875266,-1.1089208379853517,-2.2338799844728783
-5.255255255255253,-1.1143896251451224,-1.1035732940072194,-2.217962919152342
-5.215215215215214,-1.112129365443252,-1.1046038307249546,-2.2167331961682066
-5.175175175175175,-1.110267469426617,-1.0992952545639127,-2.2095627239905298
-5.135135135135136,-1.102932451874949,-1.0975069666747004,-2.2004394185496494
-5.095095095095097,-1.1070199692621827,-1.0925404598237947,-2.1995604290859774
-5.055055055055053,-1.1056516906246543,-1.0891977053834125,-2.194849396008067
-5.015015015015014,-1.1014732425101101,-1.0873920955928043,-2.1888653381029144
-4.974974974974975,-1.098684725118801,-1.082927867770195,-2.181612592888996
-4.934934934934936,-1.0978100660722703,-1.080386160640046,-2.1781962267123163
-4.894894894894897,-1.0893405941314995,-1.0771256705047563,-2.166466264636256
-4.854854854854853,-1.0878164344467223,-1.0734495028154925,-2.1612659372622147
-4.814814814814814,-1.0801609996706247,-1.0718733838293701,-2.152034383499995
-4.774774774774775,-1.0803775001550093,-1.0648241505259648,-2.145201650680974
-4.734734734734736,-1.0734668250661343,-1.0613385044271126,-2.134805329493247
-4.694694694694697,-1.0702972668223083,-1.0605720927705988,-2.130869359592907
-4.654654654654653,-1.0695438468828797,-1.0542416393291205,-2.1237854862120003
-4.614614614614614,-1.070574385812506,-1.05230180057697,-2.122876186389476
-4.574574574574575,-1.0555752783548087,-1.0482316055567935,-2.103806883911602
-4.534534534534536,-1.056631795829162,-1.0447676047915593,-2.1013994006207213
-4.4944944944944965,-1.0575151154771447,-1.0408359675202519,-2.0983510829973966
-4.454454454454453,-1.0458327835658565,-1.0386623096419498,-2.0844950932078063
-4.414414414414414,-1.0461965042632073,-1.0324271135032177,-2.078623617766425
-4.374374374374375,-1.0388701520860195,-1.0281923776492476,-2.067062529735267
-4.3343343343343355,-1.0339685931103304,-1.0268500791862607,-2.060818672296591
-4.294294294294296,-1.0299070567125455,-1.0225287426728755,-2.052435799385421
-4.254254254254253,-1.0314138950780034,-1.018190084490925,-2.0496039795689285
-4.214214214214214,-1.0245378613471985,-1.0132538883481175,-2.037791749695316
-4.1741741741741745,-1.0222256416454911,-1.0075902530224994,-2.0298158946679905
-4.134134134134135,-1.0139986464055255,-1.0046371961943805,-2.018635842599906
-4.094094094094096,-1.0116258097114041,-1.0012771197361872,-2.0129029294475913
-4.054054054054053,-1.0067675522295758,-0.9962283426430076,-2.0029958948725834
-4.0140140140140135,-1.001320417271927,-0.9886248670518398,-1.9899452843237668
-3.9739739739739743,-0.9950246015796438,-0.9849530304782093,-1.979977632057853
-3.933933933933935,-0.9938814834458753,-0.9796790945110843,-1.9735605779569596
-3.893893893893896,-0.9866070885909721,-0.9750892990268767,-1.9616963876178488
-3.8538538538538525,-0.9869621491525322,-0.9687068815110251,-1.9556690306635574
-3.8138138138138133,-0.9790122739505023,-0.9619520860724151,-1.9409643600229174
-3.773773773773774,-0.9743964980589226,-0.9590683076530695,-1.933464805711992
-3.733733733733735,-0.9643162636784837,-0.9505901758093387,-1.9149064394878224
-3.693693693693696,-0.9593367681372911,-0.9436968195950612,-1.9030335877323523
-3.6536536536536524,-0.9511703951284289,-0.9389424826949835,-1.8901128778234124
-3.613613613613613,-0.9463381171226501,-0.9325081103015691,-1.8788462274242193
-3.573573573573574,-0.9376434861915186,-0.9282560523133725,-1.865899538504891
-3.533533533533535,-0.9364830470876768,-0.9209470162168145,-1.8574300633044913
-3.493493493493496,-0.9252510347869247,-0.915153480367735,-1.8404045151546597
-3.4534534534534522,-0.9207564966054633,-0.9092820064397529,-1.8300385030452162
-3.413413413413413,-0.9204880370525643,-0.9022154512349516,-1.822703488287516
-3.373373373373374,-0.9052551083732396,-0.8930878156097606,-1.7983429239830002
-3.333333333333335,-0.9035664085531607,-0.884289265028201,-1.7878556735813618
-3.2932932932932957,-0.8890782409580424,-0.8761921713594347,-1.7652704123174772
-3.253253253253252,-0.8886279204161838,-0.8730918926885352,-1.761719813104719
-3.213213213213213,-0.8733776716981083,-0.8650727366330102,-1.7384504083311185
-3.173173173173174,-0.8693680954165757,-0.8552609662292525,-1.7246290616458282
-3.1331331331331347,-0.8608293408760801,-0.8471032512607053,-1.7079325921367854
-3.0930930930930955,-0.8566032655071467,-0.8367025984916836,-1.6933058639988303
-3.053053053053052,-0.8439250347437337,-0.8280079673277214,-1.6719330020714551
-3.013013013013013,-0.8380968573037535,-0.81641223304905,-1.6545090903528035
-2.9729729729729737,-0.8249163482105359,-0.8080033827573061,-1.632919730967842
-2.9329329329329346,-0.8114846969256178,-0.8008675471646711,-1.6123522440902889
-2.892892892892891,-0.8056998231913894,-0.7882239549653605,-1.59392377815675
-2.852852852852852,-0.791939094197005,-0.7788451823871583,-1.5707842765841633
-2.8128128128128127,-0.7799709826940671,-0.7682366911321878,-1.548207673826255
-2.7727727727727736,-0.768513809191063,-0.7541555411880836,-1.5226693503791466
-2.7327327327327344,-0.7612394156167284,-0.7430014701094478,-1.5042408857261762
-2.692692692692691,-0.7448287273291498,-0.7314317193813622,-1.476260446710512
-2.6526526526526517,-0.7362639945931733,-0.7195848474511877,-1.455848842044361
-2.6126126126126126,-0.7166750895557925,-0.7090629550511949,-1.4257380446069874
-2.5725725725725734,-0.7077985961223021,-0.6948086053598672,-1.4026072014821693
-2.5325325325325343,-0.6895606481120922,-0.6804416762315668,-1.370002324343659
-2.4924924924924907,-0.680917976074852,-0.6662219669669867,-1.3471399430418387
-2.4524524524524516,-0.6564967939630151,-0.6502529378631152,-1.3067497318261303
-2.4124124124124124,-0.6473778200452216,-0.6355396101134829,-1.2829174301587045
-2.3723723723723733,-0.6241776977549307,-0.6246972978115082,-1.2488749955664389
-2.332332332332334,-0.6227920984965749,-0.6054374704835936,-1.2282295689801686
-2.2922922922922906,-0.6033417524886318,-0.5879962436156347,-1.1913379961042665
-2.2522522522522515,-0.5802303943783045,-0.5703471766901202,-1.1505775710684247
-2.2122122122122123,-0.5705550171551295,-0.556993467907887,-1.1275484850630164
-2.172172172172173,-0.549459271831438,-0.5377184872049838,-1.0871777590364218
-2.132132132132134,-0.5363913420005701,-0.5227605126565322,-1.0591518546571024
-2.0920920920920905,-0.5161810816789512,-0.5015175495645963,-1.0176986312435474
-2.0520520520520513,-0.503076346067246,-0.483669301669579,-0.986745647736825
-2.012012012012012,-0.46968341228784993,-0.4622964381414931,-0.9319798504293431
-1.971971971971973,-0.4535758249112405,-0.44676906886161305,-0.9003448937728535
-1.9319319319319348,-0.4330256594985258,-0.4198711293574888,-0.8528967888560146
-1.8918918918918912,-0.4228415063407738,-0.40346044159377925,-0.826301947934553
-1.8518518518518512,-0.39409032816183753,-0.38016505882842466,-0.7742553869902622
-1.8118118118118112,-0.37597362135420553,-0.36102647327061277,-0.7370000946248183
-1.771771771771773,-0.34657294348289724,-0.33618961127649527,-0.6827625547593925
-1.7317317317317347,-0.3363887904706644,-0.3181854846479837,-0.6545742751186481
-1.691691691691691,-0.30686687273555435,-0.29345254279178334,-0.6003194155273377
-1.651651651651651,-0.2782455935521284,-0.26786226170588634,-0.5461078552580148
-1.611611611611611,-0.24975421506678686,-0.2482820165459998,-0.49803623161278665
-1.5715715715715728,-0.2193143373442581,-0.21660375977990043,-0.4359180971241585
-1.5315315315315345,-0.21049846442838316,-0.19349889691875433,-0.4039973613471375
-1.491491491491491,-0.18071674634848023,-0.1693201951420633,-0.35003694149054354
-1.451451451451451,-0.15518708499075728,-0.14591223218849336,-0.30109931717925065
-1.411411411411411,-0.12479916734082508,-0.12082423015999666,-0.24562339750082174
-1.3713713713713727,-0.09916558674922271,-0.0903237334696314,-0.18948932021885412
-1.3313313313313344,-0.0648979922370927,-0.061468634467019,-0.1263666267041117
-1.2912912912912908,-0.054454040131531656,-0.032024656396970386,-0.08647869652850204
-1.2512512512512508,-0.008564733636376332,-0.004130816940232762,-0.012695550576609094
-1.2112112112112108,0.018454446175383055,0.02315682284643117,0.04161126902181422
-1.1711711711711725,0.054254859323918936,0.05195996121801727,0.1062148205419362
-1.1311311311311343,0.07724714276992017,0.07677950276774936,0.15402664553766954
-1.0910910910910907,0.0992695064687723,0.11148875736580521,0.21075826383457752
-1.0510510510510507,0.13590127920906525,0.14236163441273675,0.278262913621802
-1.0110110110110107,0.1698397947675403,0.17073177367092285,0.34057156843846315
-0.9709709709709724,0.19664247438959137,0.19935305254693958,0.39599552693653095
-0.9309309309309342,0.21805863810186565,0.2305117091327702,0.44857034723463585
-0.8908908908908906,0.2590204076113878,0.26296070490388956,0.5219811125152773
-0.8508508508508505,0.2850869892099581,0.295340420840148,0.5804274100501061
-0.8108108108108105,0.3241175812690926,0.32511347951549396,0.6492310607845866
-0.7707707707707723,0.35549273686228844,0.35602965732323355,0.711522394185522
-0.730730730730734,0.39222843020070286,0.39002879204417695,0.7822572222448798
-0.6906906906906904,0.403599002656847,0.4204080493418587,0.8240070519987057
-0.6506506506506504,0.4601920598997822,0.4519997068528028,0.912191766752585
-0.6106106106106104,0.471025711934999,0.48586894124127866,0.9568946531762776
-0.5705705705705721,0.5118229417930706,0.5179542163768929,1.0297771581699635
-0.5305305305305286,0.5383571609727369,0.5461338348704885,1.0844909958432254
-0.4904904904904903,0.5680176383575599,0.5794141895912617,1.1474318279488216
-0.4504504504504503,0.6104775866169803,0.6151280044196028,1.225605591036583
-0.41041041041041026,0.6365961283572688,0.649880558185032,1.2864766865423007
-0.370370370370372,0.6811084941491572,0.6779129562364687,1.359021450385626
-0.33033033033032844,0.7158697088452755,0.7083268547976331,1.4241965636429086
-0.2902902902902902,0.7471755859296536,0.7419276275941229,1.4891032135237765
-0.25025025025025016,0.766392110452216,0.7737531069451506,1.5401452173973667
-0.21021021021021014,0.8115539786704176,0.8019154052035447,1.6134693838739622
-0.17017017017017189,0.8239377691570553,0.8316624830185901,1.6556002521756454
-0.1301301301301283,0.8767204307896463,0.8625267018360319,1.7392471326256782
-0.09009009009009006,0.8900654805984232,0.8929925586089666,1.7830580392073898
-0.05005005005005003,0.9311744702845317,0.9225664376990608,1.8537409079835925
-0.010010010010010006,0.9476197981493897,0.9442683798642975,1.8918881780136871
0.030030030030028243,0.988884668893661,0.9755482794716954,1.9644329483653564
0.07007007007007182,1.0126736704823998,1.0050095759288524,2.017683246411252
0.11011011011011007,1.039736152109981,1.0318988554063253,2.0716350075163064
0.1501501501501501,1.0546919610424084,1.0562161187554011,2.1109080797978095
0.19019019019019012,1.0958096087051672,1.0827156976883998,2.178525306393567
0.23023023023022837,1.1147230362985283,1.1100466385832988,2.224769674881827
0.27027027027027195,1.158785082065151,1.1296009031211725,2.2883859851863235
0.3103103103103102,1.166518455313053,1.1544637439656071,2.32098219927866
0.3503503503503502,1.2003617131267674,1.176477450353559,2.3768391634803265
0.39039039039039025,1.210961544624297,1.2013835931138601,2.412345137738157
0.4304304304304285,1.2366124444524758,1.2210071341542061,2.457619578606682
0.4704704704704721,1.2472469152708072,1.2392970410292037,2.486543956300011
0.5105105105105103,1.267649861605605,1.26572734277579,2.533377204381395
0.5505505505505504,1.2939416019362397,1.2830300082277972,2.576971610164037
0.5905905905905904,1.305528672033688,1.298791200737469,2.604319872771157
0.6306306306306286,1.3322880493360572,1.3133399861399084,2.6456280354759656
0.6706706706706722,1.3452260833000764,1.3328076512552798,2.678033734555356
0.7107107107107105,1.36239019111963,1.3494521602988243,2.711842351418454
0.7507507507507505,1.3704266658751294,1.361125829454977,2.7315524953301065
0.7907907907907905,1.3961122030741535,1.3749298581969924,2.771042061271146
0.8308308308308288,1.4011003591585904,1.3881796527421102,2.7892800119007006
0.8708708708708723,1.4146965503459796,1.396146843850147,2.8108433941961266
0.9109109109109106,1.4141942714923061,1.4140210707555525,2.8282153422478586
0.9509509509509506,1.4119253537501208,1.4184549893834628,2.8303803431335837
0.9909909909909906,1.4268725028377958,1.4280849012429826,2.8549574040807784
1.0310310310310289,1.4379919325001538,1.4396719723008573,2.877663904801011
1.0710710710710725,1.4430666894768365,1.4453702482278459,2.8884369377046824
1.1111111111111107,1.455519761017058,1.4568187620025128,2.912338523019571
1.1511511511511507,1.474502462951932,1.4625343556399457,2.937036818591878
1.1911911911911908,1.461980115273036,1.464093154470902,2.926073269743938
1.231231231231229,1.4824869823059998,1.4704842284554616,2.9529712107614614
1.2712712712712726,1.4765635459916666,1.477152423991356,2.9537159699830227
1.3113113113113108,1.4798370225471444,1.479265461442992,2.9591024839901365
1.3513513513513509,1.4777066629612818,1.4823830621899106,2.9600897251511924
1.391391391391391,1.4851369385723956,1.4861588205676526,2.971295759140048
1.4314314314314291,1.487336577323731,1.4876310169929639,2.974967594316695
1.4714714714714727,1.49055809318088,1.4926884532906115,2.9832465464714915
1.511511511511511,1.4911816116655245,1.4876829764107242,2.9788645880762488
1.551551551551551,1.5018334074411541,1.4905580970807932,2.9923915045219474
1.591591591591591,1.4941779731307179,1.4917531752726063,2.985931148403324
1.6316316316316293,1.494126009522006,1.491701212245971,2.985827221767977
1.6716716716716729,1.4936410508817062,1.4901943751610816,2.9838354260427877
1.711711711711711,1.4784514252096415,1.4860722171142697,2.964523642323911
1.7517517517517511,1.4916838934877887,1.4843055793317035,2.975989472819492
1.7917917917917912,1.4814477829495445,1.4828507007332519,2.9642984836827964
1.8318318318318294,1.4835608191788197,1.4786765822209418,2.9622374013997614
1.871871871871873,1.4720083902357146,1.4769965454470366,2.9490049356827512
1.9119119119119112,1.476078585255891,1.4757841454120353,2.9518627306679264
1.9519519519519513,1.464699351345189,1.4750393849099055,2.9397387362550944
1.9919919919919913,1.472476023598574,1.4658944320399314,2.9383704556385055
2.0320320320320295,1.4622225946513936,1.4630539544159546,2.9252765490673482
2.072072072072073,1.4588278773007914,1.4587412774562836,2.917569154757075
2.1121121121121114,1.4474659655243158,1.4548962404951453,2.902362206019461
2.1521521521521514,1.4401742501650006,1.446911727427505,2.8870859775925055
2.1921921921921914,1.4322763371746987,1.4434996879426762,2.875776025117375
2.232232232232235,1.4302499018376693,1.440607251250185,2.8708571530878544
2.2722722722722732,1.4158396699931473,1.4306828967528418,2.846522566745989
2.3123123123123115,1.408894354943186,1.422074867761694,2.83096922270488
2.3523523523523515,1.4160994702251628,1.4193036681972444,2.835403138422407
2.3923923923923915,1.4015679985750467,1.4102972761029378,2.8118652746779844
2.432432432432435,1.3992990824626759,1.4011523209046572,2.800451403367333
2.4724724724724734,1.3865688920486718,1.397376564797014,2.783945456845686
2.5125125125125116,1.3829836542718112,1.3888031711103395,2.7717868253821507
2.5525525525525516,1.3668067880207673,1.3804549371125177,2.747261725133285
2.5925925925925917,1.3651440658140928,1.3736308632651344,2.738774929079227
2.6326326326326353,1.3515305580804124,1.3650228305486962,2.7165533886291087
2.6726726726726735,1.3469407635275275,1.3606755123473704,2.707616275874898
2.7127127127127117,1.3414676462998614,1.3513573600212112,2.6928250063210726
2.7527527527527518,1.3359252489171922,1.3464558016275987,2.682381050544791
2.792792792792792,1.3280966165475547,1.3347994517534971,2.662896068301052
2.8328328328328354,1.3198349841404706,1.327594337752089,2.6474293218925595
2.8728728728728736,1.307208712794818,1.319350024103187,2.626558736898005
2.912912912912912,1.299657197901979,1.310793950338848,2.610451148240827
2.952952952952952,1.2895942837931216,1.3046973139280453,2.594291597721167
2.992992992992992,1.2786307322094217,1.2956909222994,2.5743216545088217
3.0330330330330355,1.2752706576138735,1.2851084071444348,2.5603790647583082
3.0730730730730738,1.2593016292667016,1.2750801357906312,2.534381765057333
3.113113113113112,1.2607911450322717,1.2693125794176012,2.530103724449873
3.153153153153152,1.250936075230129,1.2624365480151027,2.513372623245232
3.193193193193192,1.2381712407805026,1.2524082738673314,2.490579514647834
3.2332332332332356,1.2297883725259453,1.2432633214630187,2.473051693988964
3.273273273273274,1.2222888169344515,1.2333909287117422,2.4556797456461936
3.313313313313312,1.2104246251983568,1.2302560104290023,2.440680635627359
3.353353353353352,1.202197628095746,1.2202104149619117,2.422408043057658
3.393393393393392,1.1939359969692305,1.2110308249248192,2.4049668218940496
3.4334334334334358,1.1823142835637555,1.199443752062507,2.3817580356262624
3.473473473473474,1.1807381673716009,1.1934337160782889,2.3741718834498897
3.5135135135135123,1.1693416154012084,1.1874236824223772,2.3567652978235856
3.5535535535535523,1.1618593808962032,1.1761137330904603,2.3379731139866635
3.5935935935935923,1.1524026655824855,1.168285097926855,2.3206877635093406
3.633633633633636,1.141976033570245,1.1576159847900271,2.299592018360272
3.673673673673674,1.1370571586303413,1.1493023888906464,2.2863595475209877
3.7137137137137124,1.1236688130302355,1.1454227142967284,2.269091527326964
3.7537537537537524,1.1123242194298655,1.1349094812758267,2.247233700705692
3.7937937937937924,1.1108346995897591,1.126976927742362,2.237811627332121
3.833833833833836,1.101568506564945,1.1177800113800913,2.2193485179450363
3.8738738738738743,1.092198395053856,1.1095010578865185,2.2016994529403746
3.9139139139139125,1.0832612816011533,1.1011874678079039,2.184448749409057
3.9539539539539525,1.0781865253811702,1.0924928325694054,2.1706793579505756
3.9939939939939926,1.0667553324019536,1.085824637208134,2.1525799696100876
4.034034034034036,1.0632047349354252,1.0779440427431837,2.141148777678609
4.074074074074074,1.0500415454152972,1.066772653022781,2.116814198438078
4.114114114114113,1.0403077111113816,1.062009654706344,2.1023173658177257
4.154154154154153,1.034903876367025,1.0509595033945516,2.0858633797615767
4.194194194194193,1.0281664005015045,1.0465602278709412,2.0747266283724457
4.234234234234236,1.0200260104611516,1.037294034846127,2.0573200453072786
4.2742742742742745,1.0131499718409032,1.0290323996450752,2.0421823714859784
4.314314314314313,1.0024635430891067,1.0216887260321528,2.0241522691212595
4.354354354354353,0.9956394656328484,1.015955810667947,2.0115952763007954
4.394394394394393,0.9906686274334788,1.0098072134424,2.000475840875879
4.434434434434436,0.9834288723068312,1.0010259803384542,1.9844548526452854
4.474474474474475,0.9777132773306221,0.995535543654114,1.973248820984736
4.514514514514513,0.9718937608413398,0.9864252334227785,1.9583189942641184
4.554554554554553,0.9580724105471745,0.9771936776814982,1.9352660882286727
4.5945945945945965,0.9557342117186636,0.9720496413065121,1.9277838530251756
4.6346346346346365,0.9505382168572396,0.9637187266489491,1.9142569435061887
4.674674674674675,0.9346211475785822,0.9573276528390124,1.8919488004175946
4.714714714714713,0.9356949855573475,0.9500359348021448,1.8857309203594923
4.754754754754753,0.927416032878682,0.9418262623948976,1.8692422952735797
4.794794794794797,0.9194488383363932,0.9383103051222861,1.8577591434586793
4.834834834834837,0.9121917653828859,0.9281261506257579,1.8403179160086438
4.874874874874875,0.9052810898283496,0.9207131973234937,1.8259942871518433
4.914914914914913,0.8997040564427152,0.9120185642968863,1.8117226207396016
4.954954954954953,0.8965864577330649,0.9087797256652266,1.8053661833982915
4.994994994994997,0.8883767831139266,0.9024752522818744,1.790852035395801
5.035035035035037,0.8822801463538781,0.8948717766907066,1.7771519230445847
5.075075075075075,0.8716976318974048,0.8905417799251154,1.7622394118225202
5.115115115115113,0.8628990761935711,0.8826958267018199,1.745594902895391
5.155155155155153,0.8603530375985429,0.8760969100985676,1.7364499476971105
5.195195195195197,0.8586383598158136,0.8686146747786552,1.7272530345944688
5.235235235235237,0.84596012881957,0.8624834007350728,1.7084435295546427
5.275275275275275,0.8436912107281387,0.8584824816789478,1.7021736924070865
5.315315315315313,0.8369883777340874,0.8537887665443122,1.6907771442783996
5.3553553553553535,0.8270813436247408,0.8483849288895726,1.6754662725143135
5.395395395395397,0.8235307456925511,0.8401752567151561,1.6637060024077073
5.435435435435437,0.8178151500760578,0.8375772564904764,1.6553924065665342
5.475475475475475,0.809518878464587,0.8294368645874783,1.6389557430520654
5.515515515515514,0.80707676068414,0.8220758686074987,1.6291526292916387
5.555555555555554,0.7974641689215787,0.8189582721097395,1.6164224410313182
5.595595595595597,0.7954030903056264,0.8151132354978472,1.6105163258034736
5.635635635635637,0.7870202184421942,0.8063146806089208,1.593334899051115
5.675675675675675,0.7819801026489586,0.8025735631817952,1.5845536658307537
5.715715715715714,0.777528865612112,0.7959919683635235,1.5735208339756355
5.755755755755754,0.7700119927758351,0.791073092201259,1.561085084977094
5.795795795795797,0.7670329543761909,0.783556220238097,1.550589174614288
5.835835835835837,0.7649199169827625,0.7796072629280388,1.5445271799108014
5.875875875875876,0.7597931992495432,0.7757275854237378,1.535520784673281
5.915915915915914,0.74723620765144,0.7710858294740319,1.518322037125472
5.955955955955954,0.7496783271781169,0.7640712348511443,1.5137495620292611
5.995995995995997,0.7435643721255474,0.7595680394442752,1.5031324115698226
6.0360360360360374,0.7361687364755198,0.7537658425280824,1.4899345790036023
6.0760760760760775,0.7333109372411855,0.7502152463421226,1.483526183583308
6.116116116116114,0.7254476629896089,0.7477384877856821,1.473186150775291
6.156156156156154,0.7274394621490501,0.741468652326148,1.468908114475198
6.1961961961961975,0.7193337064818479,0.7342981767142192,1.453631883196067
6.236236236236238,0.713566149410326,0.7302279797731899,1.443794129183516
6.276276276276278,0.7096864721970633,0.7241833037696779,1.4338697759667411
6.316316316316314,0.7066727939527482,0.72269378521014,1.4293665791628882
6.356356356356354,0.6966445196885616,0.7179134662728757,1.4145579859614372
6.396396396396398,0.6969909202889539,0.7141377096995711,1.411128629988525
6.436436436436438,0.689855084696319,0.7086645945673808,1.3985196792636998
6.476476476476478,0.6851094075827859,0.7041960376664065,1.3893054452491924
6.516516516516514,0.6832734898780473,0.7013382390141487,1.384611728892196
6.556556556556554,0.6816627323860303,0.695934402057901,1.3775971344439313
6.596596596596598,0.6754102166742086,0.6906344860326499,1.3660447027068585
6.636636636636638,0.6731239780783653,0.6871878074598499,1.3603117855382152
6.676676676676678,0.6686381021863781,0.6856636497541331,1.3543017519405112
6.716716716716714,0.6647930658073165,0.6793072138098069,1.3441002796171233
6.756756756756754,0.6594931502477266,0.6759124970412813,1.335405647289008
6.796796796796798,0.6543144752504304,0.6709416603553109,1.3252561356057413
6.836836836836838,0.6513527581701055,0.666646305588074,1.3179990637581795
6.876876876876878,0.647022761637345,0.6636672663735226,1.3106900280108675
6.9169169169169145,0.6437666040146723,0.6566526727983728,1.3004192768130451
6.9569569569569545,0.6400947674992494,0.6555268738884479,1.2956216413876973
6.996996996996998,0.6365268517402001,0.6517684378195554,1.2882952895597555
7.037037037037038,0.6289406974101439,0.6498459180002101,1.278786615410354
7.077077077077078,0.6285250177024864,0.6459142830572091,1.2744393007596955
7.117117117117115,0.6260136206983589,0.6391421689768322,1.265155789675191
7.157157157157155,0.6171631055767648,0.6368212909437716,1.2539843965205364
7.197197197197198,0.615483068570029,0.6353317734319717,1.2508148420020007
7.237237237237238,0.6130929110804573,0.6286116187111475,1.2417045297916047
7.277277277277278,0.6080527940066531,0.6272087008692324,1.2352614948758855
7.317317317317315,0.6063554353895597,0.6239352228003554,1.2302906581899151
7.357357357357358,0.6029780372045934,0.6192415074328892,1.2222195446374826
7.397397397397398,0.6029260779032484,0.6159853497520089,1.2189114276552573
7.437437437437438,0.5988558817189187,0.6118631925201043,1.210719074239023
7.477477477477478,0.5927765644737519,0.6117939124815166,1.2045704769552685
7.517517517517515,0.5897455658414401,0.6068750350386836,1.1966206008801237
7.557557557557558,0.5877884082728997,0.6022679185844027,1.1900563268573023
7.5975975975975985,0.5856234085513279,0.6008996413438581,1.186523049895186
7.6376376376376385,0.5838740901672281,0.5977300807717256,1.1816041709389538
7.6776776776776785,0.5798212127992883,0.5923955245525576,1.172216737351846
7.717717717717715,0.5756817337241955,0.5901266069849953,1.1658083407091908
7.7577577577577586,0.5755778138409369,0.590074646868743,1.1656524607096799
7.797797797797799,0.5717674163752235,0.5855368101620115,1.157304226537235
7.837837837837839,0.564042700745631,0.5817956902319565,1.1458383909775876
7.877877877877879,0.5653763409354724,0.5775522926705889,1.1429286336060613
7.917917917917915,0.5583617437514476,0.5757683336851187,1.1341300774365664
7.957957957957959,0.5613234624033794,0.5743134543881752,1.1356369167915545
7.997997997997999,0.5578767847036943,0.5694118979736231,1.1272886826773174
8.038038038038039,0.5527673864853568,0.568407338578254,1.1211747250636108
8.078078078078079,0.5525768683291972,0.5650992197333835,1.1176760880625807
8.118118118118115,0.5463243504636921,0.561462021432817,1.107786371896509
8.158158158158159,0.5446269930689596,0.5616352198994718,1.1062622129684314
8.198198198198199,0.5450599927571602,0.5580499829957262,1.1031099757528864
8.238238238238239,0.5391711976844817,0.5521611877484247,1.0913323854329064
8.278278278278279,0.5365212395554408,0.552802026970312,1.0893232665257528
8.318318318318315,0.5329013620503247,0.5500827889190987,1.0829841509694234
8.358358358358359,0.5303206836688332,0.5472596306353807,1.077580314304214
8.398398398398399,0.5280517651699483,0.5426525139482692,1.0707042791182175
8.438438438438439,0.528502085362561,0.5429296336369589,1.07143171899952
8.478478478478479,0.5240854891017079,0.5382359176874161,1.062321406789124
8.518518518518515,0.5207254106644541,0.5351010010344908,1.0558264116989449
8.558558558558559,0.5185950534068979,0.5335941622615792,1.0521892156684771
8.598598598598599,0.5186123721068725,0.5307190431049094,1.0493314152117819
8.63863863863864,0.5149058951064944,0.5287965242168866,1.043702419323381
8.67867867867868,0.5111301377764903,0.5249861277989112,1.0361162655754015
8.718718718718716,0.5099870198173448,0.52370444877306,1.0336914685904048
8.75875875875876,0.5082030606572516,0.523167529841885,1.0313705904991366
8.7987987987988,0.505916821595747,0.5179368937970139,1.023853715392761
8.83883883883884,0.5003051470848732,0.5186816531931981,1.0189868002780713
8.87887887887888,0.5008247465011664,0.5153562152408995,1.0161809617420658
8.918918918918916,0.5009286665008403,0.5130872974987142,1.0140159639995545
8.95895895895896,0.49549019057303667,0.5090344211785123,1.004524611751549
8.998998998999,0.4926843532011844,0.5080991413560696,1.000783494557254
9.03903903903904,0.49034615489654243,0.5064364239224233,0.9967825788189657
9.07907907907908,0.48861415596911684,0.5048083450528793,0.9934225010219961
9.119119119119116,0.48890859581297264,0.5034747059107758,0.9923833017237484
9.15915915915916,0.4844919988536276,0.5001146293943748,0.9846066282480024
9.1991991991992,0.4828639199840836,0.4993179087759927,0.9821818287600763
9.23923923923924,0.4781528840539977,0.495784631697461,0.9739375157514587
9.27927927927928,0.4778584452578798,0.49361963343108073,0.9714780786889605
9.319319319319316,0.4810106814838946,0.49086575530236587,0.9718764367862605
9.35935935935936,0.4772522457642481,0.4887527173268609,0.966004963091109
9.3993993993994,0.4725238879909739,0.48819847754202783,0.9607223655330017
9.43943943943944,0.47304348804755136,0.4839897204656154,0.9570332085131668
9.47947947947948,0.469666090386454,0.4821711225085892,0.9518372128950432
9.519519519519516,0.4680380119243637,0.482621441478841,0.9506594534032047
9.55955955955956,0.4654053738922812,0.4808201640844345,0.9462255379767157
9.5995995995996,0.4650243342621252,0.4762650061165914,0.9412893403787166
9.63963963963964,0.4615949762519449,0.475832007243298,0.9374269834952429
9.67967967967968,0.4635001753922552,0.4744983676937409,0.9379985430859961
9.71971971971972,0.4583561402396299,0.47236800903920084,0.9307241492788307
9.75975975975976,0.4591528589371592,0.46829781343694776,0.9274506723741069
9.7997997997998,0.4562604210223071,0.4717791304574348,0.9280395514797419
9.83983983983984,0.4543725432595238,0.46519753464963287,0.9195700779091567
9.87987987987988,0.45388758362969384,0.46623673394788057,0.9201243175775744
9.91991991991992,0.45063142536673695,0.4628420165972784,0.9134734419640154
9.95995995995996,0.4469076283276081,0.4616296184831299,0.908537246810738
10.0,0.4471501092193648,0.4560525821871124,0.9032026914064772
